ship_name,ship_id,cruise_line,title,start_date,day,date,port_name,port_id,port_key,arrival,departure,is_sea_day,is_embark,is_debark,is_overnight,source_url
Viking Hemming,941,Viking River Cruises,"7 days, round-trip Portugals River of Gold",2028-07-17,1,2028-07-17,"Porto-Leixoes, Oporto, Portugal",3739,leixoes-oporto-porto-portugal,,,False,True,False,False,https://www.cruisemapper.com/ships/Viking-Hemming-941
Viking Hemming,941,Viking River Cruises,"7 days, round-trip Portugals River of Gold",2028-07-17,2,2028-07-18,"Regua, Portugal, Lamego",4338,lamego-portugal-regua,,,False,False,False,False,https://www.cruisemapper.com/ships/Viking-Hemming-941
Viking Hemming,941,Viking River Cruises,"7 days, round-trip Portugals River of Gold",2028-07-17,3,2028-07-18,"Pinhao, Portugal, Favaios",4337,favaios-pinhao-portugal,,,False,False,False,False,https://www.cruisemapper.com/ships/Viking-Hemming-941
Viking Hemming,941,Viking River Cruises,"7 days, round-trip Portugals River of Gold",2028-07-17,4,2028-07-19,"Barca d'Alva, Portugal, Castelo Rodrigo",4899,alva-barca-castelo-d-portugal-rodrigo,,,False,False,False,False,https://www.cruisemapper.com/ships/Viking-Hemming-941
Viking Hemming,941,Viking River Cruises,"7 days, round-trip Portugals River of Gold",2028-07-17,5,2028-07-20,"Vega de Terron-Salamanca, Spain",4447,salamanca-spain-terron-vega,,,False,False,False,False,https://www.cruisemapper.com/ships/Viking-Hemming-941
Viking Hemming,941,Viking River Cruises,"7 days, round-trip Portugals River of Gold",2028-07-17,6,2028-07-21,"Pinhao, Portugal, Favaios",4337,favaios-pinhao-portugal,,,False,False,False,False,https://www.cruisemapper.com/ships/Viking-Hemming-941
Viking Hemming,941,Viking River Cruises,"7 days, round-trip Portugals River of Gold",2028-07-17,7,2028-07-21,"Regua, Portugal, Lamego",4338,lamego-portugal-regua,,,False,False,False,False,https://www.cruisemapper.com/ships/Viking-Hemming-941
Viking Hemming,941,Viking River Cruises,"7 days, round-trip Portugals River of Gold",2028-07-17,8,2028-07-22,"Porto-Leixoes, Oporto, Portugal",3739,leixoes-oporto-porto-portugal,,,False,False,True,False,https://www.cruisemapper.com/ships/Viking-Hemming-941
Viking Herja,1361,Viking River Cruises,"7 days, one-way from Basel to Trier",2028-07-17,1,2028-07-17,"Basel, Zurich, Switzerland",4482,basel-switzerland-zurich,,,False,True,False,False,https://www.cruisemapper.com/ships/Viking-Herja-1361
Viking Herja,1361,Viking River Cruises,"7 days, one-way from Basel to Trier",2028-07-17,2,2028-07-18,"Kehl-Strasbourg, Germany Baden-Wurttemberg",3920,baden-germany-kehl-strasbourg-wurttemberg,,,False,False,False,False,https://www.cruisemapper.com/ships/Viking-Herja-1361
Viking Herja,1361,Viking River Cruises,"7 days, one-way from Basel to Trier",2028-07-17,3,2028-07-19,"Speyer, Germany Rhineland-Palatinate",4013,germany-palatinate-rhineland-speyer,,,False,False,False,False,https://www.cruisemapper.com/ships/Viking-Herja-1361
Viking Herja,1361,Viking River Cruises,"7 days, one-way from Basel to Trier",2028-07-17,4,2028-07-20,"Mainz, Germany Rhineland-Palatinate",3988,germany-mainz-palatinate-rhineland,,,False,False,False,False,https://www.cruisemapper.com/ships/Viking-Herja-1361
Viking Herja,1361,Viking River Cruises,"7 days, one-way from Basel to Trier",2028-07-17,5,2028-07-21,"Koblenz, Germany Rhineland-Palatinate",3984,germany-koblenz-palatinate-rhineland,,,False,False,False,False,https://www.cruisemapper.com/ships/Viking-Herja-1361
Viking Herja,1361,Viking River Cruises,"7 days, one-way from Basel to Trier",2028-07-17,6,2028-07-21,"Winningen-Mosel, Germany Rhineland-Palatinate",13464,germany-mosel-palatinate-rhineland-winningen,,,False,False,False,False,https://www.cruisemapper.com/ships/Viking-Herja-1361
Viking Herja,1361,Viking River Cruises,"7 days, one-way from Basel to Trier",2028-07-17,7,2028-07-22,"Cochem, Germany Rhineland-Palatinate",3974,cochem-germany-palatinate-rhineland,,,False,False,False,False,https://www.cruisemapper.com/ships/Viking-Herja-1361
Viking Herja,1361,Viking River Cruises,"7 days, one-way from Basel to Trier",2028-07-17,8,2028-07-23,"Bernkastel-Kues, Germany Rhineland-Palatinate",274,bernkastel-germany-kues-palatinate-rhineland,,,False,False,False,False,https://www.cruisemapper.com/ships/Viking-Herja-1361
Viking Herja,1361,Viking River Cruises,"7 days, one-way from Basel to Trier",2028-07-17,9,2028-07-23,"Trier, Germany Rhineland-Palatinate",4017,germany-palatinate-rhineland-trier,,,False,False,True,False,https://www.cruisemapper.com/ships/Viking-Herja-1361
ACL American Glory,2225,American Cruise Lines,"7 days, round-trip 8 Night New England Islands Cruise and Land Tour",2028-07-17,1,2028-07-17,"Providence RI, Rhode Island",2209,providence-rhode-ri,,,False,True,False,True,https://www.cruisemapper.com/ships/ACL-American-Glory-2225
ACL American Glory,2225,American Cruise Lines,"7 days, round-trip 8 Night New England Islands Cruise and Land Tour",2028-07-17,2,2028-07-17,"Providence RI, Rhode Island",2209,providence-rhode-ri,,,False,False,False,True,https://www.cruisemapper.com/ships/ACL-American-Glory-2225
ACL American Glory,2225,American Cruise Lines,"7 days, round-trip 8 Night New England Islands Cruise and Land Tour",2028-07-17,3,2028-07-18,"Martha's Vineyard Island, Oak Bluffs, Massachusetts",2207,bluffs-martha-massachusetts-oak-s-vineyard,,,False,False,False,False,https://www.cruisemapper.com/ships/ACL-American-Glory-2225
ACL American Glory,2225,American Cruise Lines,"7 days, round-trip 8 Night New England Islands Cruise and Land Tour",2028-07-17,4,2028-07-19,"Nantucket MA, Massachusetts",2208,ma-massachusetts-nantucket,,,False,False,False,False,https://www.cruisemapper.com/ships/ACL-American-Glory-2225
ACL American Glory,2225,American Cruise Lines,"7 days, round-trip 8 Night New England Islands Cruise and Land Tour",2028-07-17,5,2028-07-19,"Martha's Vineyard Island, Oak Bluffs, Massachusetts",2207,bluffs-martha-massachusetts-oak-s-vineyard,,,False,False,False,False,https://www.cruisemapper.com/ships/ACL-American-Glory-2225
ACL American Glory,2225,American Cruise Lines,"7 days, round-trip 8 Night New England Islands Cruise and Land Tour",2028-07-17,6,2028-07-21,"Block Island RI, Rhode Island",2244,block-rhode-ri,,,False,False,False,False,https://www.cruisemapper.com/ships/ACL-American-Glory-2225
ACL American Glory,2225,American Cruise Lines,"7 days, round-trip 8 Night New England Islands Cruise and Land Tour",2028-07-17,7,2028-07-22,"Newport RI, Rhode Island",542,newport-rhode-ri,,,False,False,False,False,https://www.cruisemapper.com/ships/ACL-American-Glory-2225
ACL American Glory,2225,American Cruise Lines,"7 days, round-trip 8 Night New England Islands Cruise and Land Tour",2028-07-17,8,2028-07-23,"Bristol RI, Rhode Island",5239,bristol-rhode-ri,,,False,False,False,False,https://www.cruisemapper.com/ships/ACL-American-Glory-2225
ACL American Glory,2225,American Cruise Lines,"7 days, round-trip 8 Night New England Islands Cruise and Land Tour",2028-07-17,9,2028-07-24,"Providence RI, Rhode Island",2209,providence-rhode-ri,,,False,False,True,False,https://www.cruisemapper.com/ships/ACL-American-Glory-2225
MSC Divina,549,MSC Cruises,"7 days, round-trip Mediterranean Msc Divina Marmaris",2028-07-17,1,2028-07-17,"Marmaris, Turkey",223,marmaris-turkey,,21:00,False,True,False,False,https://www.cruisemapper.com/ships/MSC-Divina-549
MSC Divina,549,MSC Cruises,"7 days, round-trip Mediterranean Msc Divina Marmaris",2028-07-17,2,2028-07-18,"Santorini Island, Thira, Greece",69,greece-santorini-thira,08:00,20:00,False,False,False,False,https://www.cruisemapper.com/ships/MSC-Divina-549
MSC Divina,549,MSC Cruises,"7 days, round-trip Mediterranean Msc Divina Marmaris",2028-07-17,3,2028-07-20,"Naples, Italy",625,italy-naples,11:00,20:00,False,False,False,False,https://www.cruisemapper.com/ships/MSC-Divina-549
MSC Divina,549,MSC Cruises,"7 days, round-trip Mediterranean Msc Divina Marmaris",2028-07-17,4,2028-07-21,"Civitavecchia-Rome, Italy",81,civitavecchia-italy-rome,07:00,17:00,False,False,False,False,https://www.cruisemapper.com/ships/MSC-Divina-549
MSC Divina,549,MSC Cruises,"7 days, round-trip Mediterranean Msc Divina Marmaris",2028-07-17,5,2028-07-23,"Mykonos Island, Greece",64,greece-mykonos,13:00,23:00,False,False,False,False,https://www.cruisemapper.com/ships/MSC-Divina-549
MSC Divina,549,MSC Cruises,"7 days, round-trip Mediterranean Msc Divina Marmaris",2028-07-17,6,2028-07-24,"Marmaris, Turkey",223,marmaris-turkey,12:00,,False,False,True,False,https://www.cruisemapper.com/ships/MSC-Divina-549
Caribbean Princess,558,Princess Cruises,"10 days, one-way from Reykjavik to Southampton",2028-07-17,1,2028-07-17,"Reykjavik, Iceland",545,iceland-reykjavik,,19:00,False,True,False,False,https://www.cruisemapper.com/ships/Caribbean-Princess-558
Caribbean Princess,558,Princess Cruises,"10 days, one-way from Reykjavik to Southampton",2028-07-17,2,2028-07-18,"Grundarfjordur, Iceland",1143,grundarfjordur-iceland,07:00,18:00,False,False,False,False,https://www.cruisemapper.com/ships/Caribbean-Princess-558
Caribbean Princess,558,Princess Cruises,"10 days, one-way from Reykjavik to Southampton",2028-07-17,3,2028-07-19,"Isafjordur, Westfjords Iceland",703,iceland-isafjordur-westfjords,07:00,17:00,False,False,False,False,https://www.cruisemapper.com/ships/Caribbean-Princess-558
Caribbean Princess,558,Princess Cruises,"10 days, one-way from Reykjavik to Southampton",2028-07-17,4,2028-07-20,"Akureyri, Iceland, Lake Myvatn",702,akureyri-iceland-lake-myvatn,08:00,18:00,False,False,False,False,https://www.cruisemapper.com/ships/Caribbean-Princess-558
Caribbean Princess,558,Princess Cruises,"10 days, one-way from Reykjavik to Southampton",2028-07-17,5,2028-07-22,"Runavik, Eysturoy, Faroe Islands",1983,eysturoy-faroe-islands-runavik,07:00,16:00,False,False,False,False,https://www.cruisemapper.com/ships/Caribbean-Princess-558
Caribbean Princess,558,Princess Cruises,"10 days, one-way from Reykjavik to Southampton",2028-07-17,6,2028-07-23,"Lerwick, Mainland Shetland, Scotland",701,lerwick-mainland-scotland-shetland,08:00,18:00,False,False,False,False,https://www.cruisemapper.com/ships/Caribbean-Princess-558
Caribbean Princess,558,Princess Cruises,"10 days, one-way from Reykjavik to Southampton",2028-07-17,7,2028-07-24,"Invergordon, Scotland",671,invergordon-scotland,07:00,17:00,False,False,False,False,https://www.cruisemapper.com/ships/Caribbean-Princess-558
Caribbean Princess,558,Princess Cruises,"10 days, one-way from Reykjavik to Southampton",2028-07-17,8,2028-07-25,"Leith-Edinburgh, Newhaven-Rosyth-Queensferry, Scotland",116,edinburgh-leith-newhaven-queensferry-rosyth-scotland,07:00,18:00,False,False,False,False,https://www.cruisemapper.com/ships/Caribbean-Princess-558
Caribbean Princess,558,Princess Cruises,"10 days, one-way from Reykjavik to Southampton",2028-07-17,9,2028-07-27,"Southampton, England",115,england-southampton,07:00,,False,False,True,False,https://www.cruisemapper.com/ships/Caribbean-Princess-558
Caribbean Princess,558,Princess Cruises,"18 days, one-way from Reykjavik to Southampton",2028-07-17,1,2028-07-17,"Reykjavik, Iceland",545,iceland-reykjavik,,19:00,False,True,False,False,https://www.cruisemapper.com/ships/Caribbean-Princess-558
Caribbean Princess,558,Princess Cruises,"18 days, one-way from Reykjavik to Southampton",2028-07-17,2,2028-07-18,"Grundarfjordur, Iceland",1143,grundarfjordur-iceland,07:00,18:00,False,False,False,False,https://www.cruisemapper.com/ships/Caribbean-Princess-558
Caribbean Princess,558,Princess Cruises,"18 days, one-way from Reykjavik to Southampton",2028-07-17,3,2028-07-19,"Isafjordur, Westfjords Iceland",703,iceland-isafjordur-westfjords,07:00,17:00,False,False,False,False,https://www.cruisemapper.com/ships/Caribbean-Princess-558
Caribbean Princess,558,Princess Cruises,"18 days, one-way from Reykjavik to Southampton",2028-07-17,4,2028-07-20,"Akureyri, Iceland, Lake Myvatn",702,akureyri-iceland-lake-myvatn,08:00,18:00,False,False,False,False,https://www.cruisemapper.com/ships/Caribbean-Princess-558
Caribbean Princess,558,Princess Cruises,"18 days, one-way from Reykjavik to Southampton",2028-07-17,5,2028-07-22,"Runavik, Eysturoy, Faroe Islands",1983,eysturoy-faroe-islands-runavik,07:00,16:00,False,False,False,False,https://www.cruisemapper.com/ships/Caribbean-Princess-558
Caribbean Princess,558,Princess Cruises,"18 days, one-way from Reykjavik to Southampton",2028-07-17,6,2028-07-23,"Lerwick, Mainland Shetland, Scotland",701,lerwick-mainland-scotland-shetland,08:00,18:00,False,False,False,False,https://www.cruisemapper.com/ships/Caribbean-Princess-558
Caribbean Princess,558,Princess Cruises,"18 days, one-way from Reykjavik to Southampton",2028-07-17,7,2028-07-24,"Invergordon, Scotland",671,invergordon-scotland,07:00,17:00,False,False,False,False,https://www.cruisemapper.com/ships/Caribbean-Princess-558
Caribbean Princess,558,Princess Cruises,"18 days, one-way from Reykjavik to Southampton",2028-07-17,8,2028-07-25,"Leith-Edinburgh, Newhaven-Rosyth-Queensferry, Scotland",116,edinburgh-leith-newhaven-queensferry-rosyth-scotland,07:00,18:00,False,False,False,False,https://www.cruisemapper.com/ships/Caribbean-Princess-558
Caribbean Princess,558,Princess Cruises,"18 days, one-way from Reykjavik to Southampton",2028-07-17,9,2028-07-27,"Southampton, England",115,england-southampton,07:00,16:00,False,False,False,False,https://www.cruisemapper.com/ships/Caribbean-Princess-558
Caribbean Princess,558,Princess Cruises,"18 days, one-way from Reykjavik to Southampton",2028-07-17,10,2028-07-29,"Galway, Ireland",557,galway-ireland,07:00,17:00,False,False,False,False,https://www.cruisemapper.com/ships/Caribbean-Princess-558
Caribbean Princess,558,Princess Cruises,"18 days, one-way from Reykjavik to Southampton",2028-07-17,11,2028-07-30,"Killybegs, Ireland",1070,ireland-killybegs,08:00,18:00,False,False,False,False,https://www.cruisemapper.com/ships/Caribbean-Princess-558
Caribbean Princess,558,Princess Cruises,"18 days, one-way from Reykjavik to Southampton",2028-07-17,12,2028-07-31,"Belfast, Northern Ireland",114,belfast-ireland-northern,07:30,20:00,False,False,False,False,https://www.cruisemapper.com/ships/Caribbean-Princess-558
Caribbean Princess,558,Princess Cruises,"18 days, one-way from Reykjavik to Southampton",2028-07-17,13,2028-08-01,"Dun Laoghaire, Ireland",13560,dun-ireland-laoghaire,07:00,19:00,False,False,False,False,https://www.cruisemapper.com/ships/Caribbean-Princess-558
Caribbean Princess,558,Princess Cruises,"18 days, one-way from Reykjavik to Southampton",2028-07-17,14,2028-08-02,"Cobh-Cork, Ireland",558,cobh-cork-ireland,07:00,17:00,False,False,False,False,https://www.cruisemapper.com/ships/Caribbean-Princess-558
Caribbean Princess,558,Princess Cruises,"18 days, one-way from Reykjavik to Southampton",2028-07-17,15,2028-08-03,"Falmouth UK, England",9066,england-falmouth-uk,07:00,17:00,False,False,False,False,https://www.cruisemapper.com/ships/Caribbean-Princess-558
Caribbean Princess,558,Princess Cruises,"18 days, one-way from Reykjavik to Southampton",2028-07-17,16,2028-08-04,"Southampton, England",115,england-southampton,07:00,,False,False,True,False,https://www.cruisemapper.com/ships/Caribbean-Princess-558
MSC Fantasia,736,MSC Cruises,"7 days, round-trip Western Mediterranean Msc Fantasia Civitavecchia Rome",2028-07-17,1,2028-07-17,"Civitavecchia-Rome, Italy",81,civitavecchia-italy-rome,,19:00,False,True,False,False,https://www.cruisemapper.com/ships/MSC-Fantasia-736
MSC Fantasia,736,MSC Cruises,"7 days, round-trip Western Mediterranean Msc Fantasia Civitavecchia Rome",2028-07-17,2,2028-07-18,"Livorno, Florence-Pisa, Italy",141,florence-italy-livorno-pisa,08:00,18:00,False,False,False,False,https://www.cruisemapper.com/ships/MSC-Fantasia-736
MSC Fantasia,736,MSC Cruises,"7 days, round-trip Western Mediterranean Msc Fantasia Civitavecchia Rome",2028-07-17,3,2028-07-19,"Cannes, France Riviera",62,cannes-france-riviera,07:00,17:00,False,False,False,False,https://www.cruisemapper.com/ships/MSC-Fantasia-736
MSC Fantasia,736,MSC Cruises,"7 days, round-trip Western Mediterranean Msc Fantasia Civitavecchia Rome",2028-07-17,4,2028-07-20,"Barcelona, Spain",82,barcelona-spain,09:00,21:00,False,False,False,False,https://www.cruisemapper.com/ships/MSC-Fantasia-736
MSC Fantasia,736,MSC Cruises,"7 days, round-trip Western Mediterranean Msc Fantasia Civitavecchia Rome",2028-07-17,5,2028-07-21,"Ibiza, Ibiza Island Balearic Spain",146,balearic-ibiza-spain,12:30,23:30,False,False,False,False,https://www.cruisemapper.com/ships/MSC-Fantasia-736
MSC Fantasia,736,MSC Cruises,"7 days, round-trip Western Mediterranean Msc Fantasia Civitavecchia Rome",2028-07-17,6,2028-07-23,"Cagliari, Sardinia Italy",166,cagliari-italy-sardinia,08:00,17:00,False,False,False,False,https://www.cruisemapper.com/ships/MSC-Fantasia-736
MSC Fantasia,736,MSC Cruises,"7 days, round-trip Western Mediterranean Msc Fantasia Civitavecchia Rome",2028-07-17,7,2028-07-24,"Civitavecchia-Rome, Italy",81,civitavecchia-italy-rome,08:00,,False,False,True,False,https://www.cruisemapper.com/ships/MSC-Fantasia-736
Viking Hild,1362,Viking River Cruises,"7 days, one-way from Trier to Basel",2028-07-17,1,2028-07-17,"Trier, Germany Rhineland-Palatinate",4017,germany-palatinate-rhineland-trier,,,False,True,False,False,https://www.cruisemapper.com/ships/Viking-Hild-1362
Viking Hild,1362,Viking River Cruises,"7 days, one-way from Trier to Basel",2028-07-17,2,2028-07-18,"Bernkastel-Kues, Germany Rhineland-Palatinate",274,bernkastel-germany-kues-palatinate-rhineland,,,False,False,False,False,https://www.cruisemapper.com/ships/Viking-Hild-1362
Viking Hild,1362,Viking River Cruises,"7 days, one-way from Trier to Basel",2028-07-17,3,2028-07-19,"Cochem, Germany Rhineland-Palatinate",3974,cochem-germany-palatinate-rhineland,,,False,False,False,False,https://www.cruisemapper.com/ships/Viking-Hild-1362
Viking Hild,1362,Viking River Cruises,"7 days, one-way from Trier to Basel",2028-07-17,4,2028-07-19,"Winningen-Mosel, Germany Rhineland-Palatinate",13464,germany-mosel-palatinate-rhineland-winningen,,,False,False,False,False,https://www.cruisemapper.com/ships/Viking-Hild-1362
Viking Hild,1362,Viking River Cruises,"7 days, one-way from Trier to Basel",2028-07-17,5,2028-07-20,"Koblenz, Germany Rhineland-Palatinate",3984,germany-koblenz-palatinate-rhineland,,,False,False,False,False,https://www.cruisemapper.com/ships/Viking-Hild-1362
Viking Hild,1362,Viking River Cruises,"7 days, one-way from Trier to Basel",2028-07-17,6,2028-07-21,"Mainz, Germany Rhineland-Palatinate",3988,germany-mainz-palatinate-rhineland,,,False,False,False,False,https://www.cruisemapper.com/ships/Viking-Hild-1362
Viking Hild,1362,Viking River Cruises,"7 days, one-way from Trier to Basel",2028-07-17,7,2028-07-22,"Speyer, Germany Rhineland-Palatinate",4013,germany-palatinate-rhineland-speyer,,,False,False,False,False,https://www.cruisemapper.com/ships/Viking-Hild-1362
Viking Hild,1362,Viking River Cruises,"7 days, one-way from Trier to Basel",2028-07-17,8,2028-07-23,"Kehl-Strasbourg, Germany Baden-Wurttemberg",3920,baden-germany-kehl-strasbourg-wurttemberg,,,False,False,False,False,https://www.cruisemapper.com/ships/Viking-Hild-1362
Viking Hild,1362,Viking River Cruises,"7 days, one-way from Trier to Basel",2028-07-17,9,2028-07-24,"Basel, Zurich, Switzerland",4482,basel-switzerland-zurich,,,False,False,True,False,https://www.cruisemapper.com/ships/Viking-Hild-1362
Azamara Onward,589,Azamara Cruises,"9 days, one-way from Venice to Piraeus-Athens",2028-07-17,1,2028-07-17,"Venice, Marghera-Fusina, Italy",79,fusina-italy-marghera-venice,,18:00,False,True,False,False,https://www.cruisemapper.com/ships/Azamara-Onward-589
Azamara Onward,589,Azamara Cruises,"9 days, one-way from Venice to Piraeus-Athens",2028-07-17,2,2028-07-18,"Opatija, Croatia",294,croatia-opatija,08:00,18:00,False,False,False,False,https://www.cruisemapper.com/ships/Azamara-Onward-589
Azamara Onward,589,Azamara Cruises,"9 days, one-way from Venice to Piraeus-Athens",2028-07-17,3,2028-07-19,"Zadar, Croatia",300,croatia-zadar,08:00,22:00,False,False,False,False,https://www.cruisemapper.com/ships/Azamara-Onward-589
Azamara Onward,589,Azamara Cruises,"9 days, one-way from Venice to Piraeus-Athens",2028-07-17,4,2028-07-20,"Sibenik, Croatia",235,croatia-sibenik,08:00,20:00,False,False,False,False,https://www.cruisemapper.com/ships/Azamara-Onward-589
Azamara Onward,589,Azamara Cruises,"9 days, one-way from Venice to Piraeus-Athens",2028-07-17,5,2028-07-21,"Hvar Island Croatia, Stari Grad-Hvar Town",726,croatia-grad-hvar-stari-town,08:00,20:00,False,False,False,False,https://www.cruisemapper.com/ships/Azamara-Onward-589
Azamara Onward,589,Azamara Cruises,"9 days, one-way from Venice to Piraeus-Athens",2028-07-17,6,2028-07-22,"Dubrovnik, Croatia, Port Gruz",137,croatia-dubrovnik-gruz,08:00,22:00,False,False,False,False,https://www.cruisemapper.com/ships/Azamara-Onward-589
Azamara Onward,589,Azamara Cruises,"9 days, one-way from Venice to Piraeus-Athens",2028-07-17,7,2028-07-23,"Kotor, Montenegro",682,kotor-montenegro,09:30,17:00,False,False,False,False,https://www.cruisemapper.com/ships/Azamara-Onward-589
Azamara Onward,589,Azamara Cruises,"9 days, one-way from Venice to Piraeus-Athens",2028-07-17,8,2028-07-25,"Souda-Chania, Crete Greece",17202,chania-crete-greece-souda,08:00,17:00,False,False,False,False,https://www.cruisemapper.com/ships/Azamara-Onward-589
Azamara Onward,589,Azamara Cruises,"9 days, one-way from Venice to Piraeus-Athens",2028-07-17,9,2028-07-26,"Piraeus-Athens, Greece",80,athens-greece-piraeus,05:00,,False,False,True,False,https://www.cruisemapper.com/ships/Azamara-Onward-589
MSC Opera,627,MSC Cruises,"7 days, round-trip Eastern Caribbean Msc Opera La Romana",2028-07-17,1,2028-07-17,"La Romana, Dominicana",791,dominicana-romana,,23:30,False,True,False,False,https://www.cruisemapper.com/ships/MSC-Opera-627
MSC Opera,627,MSC Cruises,"7 days, round-trip Eastern Caribbean Msc Opera La Romana",2028-07-17,2,2028-07-18,"Catalina Island, Dominicana",9068,catalina-dominicana,07:00,17:00,False,False,False,False,https://www.cruisemapper.com/ships/MSC-Opera-627
MSC Opera,627,MSC Cruises,"7 days, round-trip Eastern Caribbean Msc Opera La Romana",2028-07-17,3,2028-07-20,"Bridgetown, Barbados",28,barbados-bridgetown,09:00,19:00,False,False,False,False,https://www.cruisemapper.com/ships/MSC-Opera-627
MSC Opera,627,MSC Cruises,"7 days, round-trip Eastern Caribbean Msc Opera La Romana",2028-07-17,4,2028-07-21,"Fort-de-France, Martinique",2382,fort-france-martinique,08:00,19:00,False,False,False,False,https://www.cruisemapper.com/ships/MSC-Opera-627
MSC Opera,627,MSC Cruises,"7 days, round-trip Eastern Caribbean Msc Opera La Romana",2028-07-17,5,2028-07-22,"Pointe-a-Pitre, Grande-Terre Island Guadeloupe",941,a-grande-guadeloupe-pitre-pointe-terre,07:00,16:00,False,False,False,False,https://www.cruisemapper.com/ships/MSC-Opera-627
MSC Opera,627,MSC Cruises,"7 days, round-trip Eastern Caribbean Msc Opera La Romana",2028-07-17,6,2028-07-23,"Tortola Island BVI, Road Town, UK Virgin Islands",35,bvi-islands-road-tortola-town-uk-virgin,07:30,15:30,False,False,False,False,https://www.cruisemapper.com/ships/MSC-Opera-627
MSC Opera,627,MSC Cruises,"7 days, round-trip Eastern Caribbean Msc Opera La Romana",2028-07-17,7,2028-07-24,"La Romana, Dominicana",791,dominicana-romana,09:00,,False,False,True,False,https://www.cruisemapper.com/ships/MSC-Opera-627
MSC Opera,627,MSC Cruises,"14 days, round-trip Eastern Caribbean Msc Opera La Romana",2028-07-17,1,2028-07-17,"La Romana, Dominicana",791,dominicana-romana,,23:30,False,True,False,False,https://www.cruisemapper.com/ships/MSC-Opera-627
MSC Opera,627,MSC Cruises,"14 days, round-trip Eastern Caribbean Msc Opera La Romana",2028-07-17,2,2028-07-18,"Catalina Island, Dominicana",9068,catalina-dominicana,07:00,17:00,False,False,False,False,https://www.cruisemapper.com/ships/MSC-Opera-627
MSC Opera,627,MSC Cruises,"14 days, round-trip Eastern Caribbean Msc Opera La Romana",2028-07-17,3,2028-07-20,"Bridgetown, Barbados",28,barbados-bridgetown,09:00,19:00,False,False,False,False,https://www.cruisemapper.com/ships/MSC-Opera-627
MSC Opera,627,MSC Cruises,"14 days, round-trip Eastern Caribbean Msc Opera La Romana",2028-07-17,4,2028-07-21,"Fort-de-France, Martinique",2382,fort-france-martinique,08:00,19:00,False,False,False,False,https://www.cruisemapper.com/ships/MSC-Opera-627
MSC Opera,627,MSC Cruises,"14 days, round-trip Eastern Caribbean Msc Opera La Romana",2028-07-17,5,2028-07-22,"Pointe-a-Pitre, Grande-Terre Island Guadeloupe",941,a-grande-guadeloupe-pitre-pointe-terre,07:00,16:00,False,False,False,False,https://www.cruisemapper.com/ships/MSC-Opera-627
MSC Opera,627,MSC Cruises,"14 days, round-trip Eastern Caribbean Msc Opera La Romana",2028-07-17,6,2028-07-23,"Tortola Island BVI, Road Town, UK Virgin Islands",35,bvi-islands-road-tortola-town-uk-virgin,07:30,15:30,False,False,False,False,https://www.cruisemapper.com/ships/MSC-Opera-627
MSC Opera,627,MSC Cruises,"14 days, round-trip Eastern Caribbean Msc Opera La Romana",2028-07-17,7,2028-07-24,"La Romana, Dominicana",791,dominicana-romana,09:00,23:30,False,False,False,False,https://www.cruisemapper.com/ships/MSC-Opera-627
MSC Opera,627,MSC Cruises,"14 days, round-trip Eastern Caribbean Msc Opera La Romana",2028-07-17,8,2028-07-25,"Catalina Island, Dominicana",9068,catalina-dominicana,08:00,17:00,False,False,False,False,https://www.cruisemapper.com/ships/MSC-Opera-627
MSC Opera,627,MSC Cruises,"14 days, round-trip Eastern Caribbean Msc Opera La Romana",2028-07-17,9,2028-07-26,"Virgin Gorda Island BVI, Spanish Town, UK Virgin Islands",983,bvi-gorda-islands-spanish-town-uk-virgin,11:00,20:00,False,False,False,False,https://www.cruisemapper.com/ships/MSC-Opera-627
MSC Opera,627,MSC Cruises,"14 days, round-trip Eastern Caribbean Msc Opera La Romana",2028-07-17,10,2028-07-27,"Philipsburg St Maarten, Netherlands Antilles",594,antilles-maarten-netherlands-philipsburg-st,08:00,18:00,False,False,False,False,https://www.cruisemapper.com/ships/MSC-Opera-627
MSC Opera,627,MSC Cruises,"14 days, round-trip Eastern Caribbean Msc Opera La Romana",2028-07-17,11,2028-07-28,"Fort-de-France, Martinique",2382,fort-france-martinique,09:00,19:00,False,False,False,False,https://www.cruisemapper.com/ships/MSC-Opera-627
MSC Opera,627,MSC Cruises,"14 days, round-trip Eastern Caribbean Msc Opera La Romana",2028-07-17,12,2028-07-29,"St Johns Antigua, RCI Royal Beach Club",37,antigua-beach-club-johns-rci-royal-st,09:00,19:00,False,False,False,False,https://www.cruisemapper.com/ships/MSC-Opera-627
MSC Opera,627,MSC Cruises,"14 days, round-trip Eastern Caribbean Msc Opera La Romana",2028-07-17,13,2028-07-31,"La Romana, Dominicana",791,dominicana-romana,08:00,,False,False,True,False,https://www.cruisemapper.com/ships/MSC-Opera-627
Viking Sjofn,2311,Viking River Cruises,"7 days, one-way from Basel to Amsterdam",2028-07-17,1,2028-07-17,"Basel, Zurich, Switzerland",4482,basel-switzerland-zurich,01:00,21:00,False,True,False,False,https://www.cruisemapper.com/ships/Viking-Sjofn-2311
Viking Sjofn,2311,Viking River Cruises,"7 days, one-way from Basel to Amsterdam",2028-07-17,2,2028-07-18,"Breisach am Rhein, Germany Baden-Wurttemberg",3973,am-baden-breisach-germany-rhein-wurttemberg,,,False,False,False,False,https://www.cruisemapper.com/ships/Viking-Sjofn-2311
Viking Sjofn,2311,Viking River Cruises,"7 days, one-way from Basel to Amsterdam",2028-07-17,3,2028-07-19,"Kehl-Strasbourg, Germany Baden-Wurttemberg",3920,baden-germany-kehl-strasbourg-wurttemberg,,,False,False,False,False,https://www.cruisemapper.com/ships/Viking-Sjofn-2311
Viking Sjofn,2311,Viking River Cruises,"7 days, one-way from Basel to Amsterdam",2028-07-17,4,2028-07-20,"Speyer, Germany Rhineland-Palatinate",4013,germany-palatinate-rhineland-speyer,,,False,False,False,False,https://www.cruisemapper.com/ships/Viking-Sjofn-2311
Viking Sjofn,2311,Viking River Cruises,"7 days, one-way from Basel to Amsterdam",2028-07-17,5,2028-07-20,"Rudesheim am Rhein, Germany Hesse",1193,am-germany-hesse-rhein-rudesheim,,,False,False,False,False,https://www.cruisemapper.com/ships/Viking-Sjofn-2311
Viking Sjofn,2311,Viking River Cruises,"7 days, one-way from Basel to Amsterdam",2028-07-17,6,2028-07-21,"Koblenz, Germany Rhineland-Palatinate",3984,germany-koblenz-palatinate-rhineland,,,False,False,False,False,https://www.cruisemapper.com/ships/Viking-Sjofn-2311
Viking Sjofn,2311,Viking River Cruises,"7 days, one-way from Basel to Amsterdam",2028-07-17,7,2028-07-22,"Cologne, Koln, Germany North Rhine-Westphalia",3975,cologne-germany-koln-north-rhine-westphalia,,,False,False,False,False,https://www.cruisemapper.com/ships/Viking-Sjofn-2311
Viking Sjofn,2311,Viking River Cruises,"7 days, one-way from Basel to Amsterdam",2028-07-17,8,2028-07-23,"Kinderdijk, Netherlands South Holland",4261,holland-kinderdijk-netherlands-south,,,False,False,False,False,https://www.cruisemapper.com/ships/Viking-Sjofn-2311
Viking Sjofn,2311,Viking River Cruises,"7 days, one-way from Basel to Amsterdam",2028-07-17,9,2028-07-24,"Amsterdam, Netherlands North Holland",56,amsterdam-holland-netherlands-north,02:00,,False,False,True,False,https://www.cruisemapper.com/ships/Viking-Sjofn-2311
AmaVerde,1004,AmaWaterways,"7 days, one-way from Budapest to Vilshofen an der Donau",2028-07-17,1,2028-07-17,"Budapest, Hungary",4091,budapest-hungary,,,False,True,False,False,https://www.cruisemapper.com/ships/AmaVerde-1004
AmaVerde,1004,AmaWaterways,"7 days, one-way from Budapest to Vilshofen an der Donau",2028-07-17,2,2028-07-19,"Bratislava, Slovakia",2099,bratislava-slovakia,,,False,False,False,False,https://www.cruisemapper.com/ships/AmaVerde-1004
AmaVerde,1004,AmaWaterways,"7 days, one-way from Budapest to Vilshofen an der Donau",2028-07-17,3,2028-07-20,"Vienna, Wien, Austria",3609,austria-vienna-wien,,,False,False,False,False,https://www.cruisemapper.com/ships/AmaVerde-1004
AmaVerde,1004,AmaWaterways,"7 days, one-way from Budapest to Vilshofen an der Donau",2028-07-17,4,2028-07-21,"Weissenkirchen in der Wachau, Austria",1733,austria-der-in-wachau-weissenkirchen,,,False,False,False,False,https://www.cruisemapper.com/ships/AmaVerde-1004
AmaVerde,1004,AmaWaterways,"7 days, one-way from Budapest to Vilshofen an der Donau",2028-07-17,5,2028-07-21,"Grein, Austria",2326,austria-grein,,,False,False,False,False,https://www.cruisemapper.com/ships/AmaVerde-1004
AmaVerde,1004,AmaWaterways,"7 days, one-way from Budapest to Vilshofen an der Donau",2028-07-17,6,2028-07-22,"Linz, Austria",1202,austria-linz,,,False,False,False,False,https://www.cruisemapper.com/ships/AmaVerde-1004
AmaVerde,1004,AmaWaterways,"7 days, one-way from Budapest to Vilshofen an der Donau",2028-07-17,7,2028-07-23,"Passau, Germany Bavaria",4000,bavaria-germany-passau,,,False,False,False,False,https://www.cruisemapper.com/ships/AmaVerde-1004
AmaVerde,1004,AmaWaterways,"7 days, one-way from Budapest to Vilshofen an der Donau",2028-07-17,8,2028-07-23,"Vilshofen an der Donau, Germany Bavaria",1204,an-bavaria-der-donau-germany-vilshofen,,,False,False,True,False,https://www.cruisemapper.com/ships/AmaVerde-1004
Viking Lyra,2263,Viking Cruises,"12 days, one-way from Belfast to London-Greenwich",2028-07-17,1,2028-07-17,"Belfast, Northern Ireland",114,belfast-ireland-northern,,,False,True,False,False,https://www.cruisemapper.com/ships/Viking-Lyra-2263
Viking Lyra,2263,Viking Cruises,"12 days, one-way from Belfast to London-Greenwich",2028-07-17,2,2028-07-18,"Greenock-Glasgow, Clydeport, Scotland",553,clydeport-glasgow-greenock-scotland,,,False,False,False,False,https://www.cruisemapper.com/ships/Viking-Lyra-2263
Viking Lyra,2263,Viking Cruises,"12 days, one-way from Belfast to London-Greenwich",2028-07-17,3,2028-07-19,"Fort William, Scotland",1380,fort-scotland-william,,,False,False,False,False,https://www.cruisemapper.com/ships/Viking-Lyra-2263
Viking Lyra,2263,Viking Cruises,"12 days, one-way from Belfast to London-Greenwich",2028-07-17,4,2028-07-20,"Isle of Mull, Craignure-Fionnphort-Tobermory, Scotland",1164,craignure-fionnphort-isle-mull-scotland-tobermory,,,False,False,False,False,https://www.cruisemapper.com/ships/Viking-Lyra-2263
Viking Lyra,2263,Viking Cruises,"12 days, one-way from Belfast to London-Greenwich",2028-07-17,5,2028-07-21,"Stornoway, Isle of Lewis and Harris, Scotland",775,and-harris-isle-lewis-scotland-stornoway,,,False,False,False,False,https://www.cruisemapper.com/ships/Viking-Lyra-2263
Viking Lyra,2263,Viking Cruises,"12 days, one-way from Belfast to London-Greenwich",2028-07-17,6,2028-07-22,"Greencastle-Londonderry, Foyle Port, Northern Ireland",9043,foyle-greencastle-ireland-londonderry-northern,,,False,False,False,False,https://www.cruisemapper.com/ships/Viking-Lyra-2263
Viking Lyra,2263,Viking Cruises,"12 days, one-way from Belfast to London-Greenwich",2028-07-17,7,2028-07-23,"Killybegs, Ireland",1070,ireland-killybegs,,,False,False,False,False,https://www.cruisemapper.com/ships/Viking-Lyra-2263
Viking Lyra,2263,Viking Cruises,"12 days, one-way from Belfast to London-Greenwich",2028-07-17,8,2028-07-24,"Foynes, Ireland",1082,foynes-ireland,,,False,False,False,False,https://www.cruisemapper.com/ships/Viking-Lyra-2263
Viking Lyra,2263,Viking Cruises,"12 days, one-way from Belfast to London-Greenwich",2028-07-17,9,2028-07-25,"Cobh-Cork, Ireland",558,cobh-cork-ireland,,,False,False,False,False,https://www.cruisemapper.com/ships/Viking-Lyra-2263
Viking Lyra,2263,Viking Cruises,"12 days, one-way from Belfast to London-Greenwich",2028-07-17,10,2028-07-26,"Fowey, England",1050,england-fowey,,,False,False,False,False,https://www.cruisemapper.com/ships/Viking-Lyra-2263
Viking Lyra,2263,Viking Cruises,"12 days, one-way from Belfast to London-Greenwich",2028-07-17,11,2028-07-27,"Isle of Portland, Weymouth, Dorset England",8996,dorset-england-isle-portland-weymouth,,,False,False,False,False,https://www.cruisemapper.com/ships/Viking-Lyra-2263
Viking Lyra,2263,Viking Cruises,"12 days, one-way from Belfast to London-Greenwich",2028-07-17,12,2028-07-28,"Dover, England",118,dover-england,,,False,False,False,False,https://www.cruisemapper.com/ships/Viking-Lyra-2263
Viking Lyra,2263,Viking Cruises,"12 days, one-way from Belfast to London-Greenwich",2028-07-17,13,2028-07-29,"London-Greenwich, England",11075,england-greenwich-london,,,False,False,True,False,https://www.cruisemapper.com/ships/Viking-Lyra-2263
AmaBella,986,AmaWaterways,"7 days, one-way from Budapest to Giurgiu",2028-07-17,1,2028-07-17,"Budapest, Hungary",4091,budapest-hungary,,,False,True,False,False,https://www.cruisemapper.com/ships/AmaBella-986
AmaBella,986,AmaWaterways,"7 days, one-way from Budapest to Giurgiu",2028-07-17,2,2028-07-18,"Mohacs, Villany-Pecs, Hungary",4093,hungary-mohacs-pecs-villany,,,False,False,False,False,https://www.cruisemapper.com/ships/AmaBella-986
AmaBella,986,AmaWaterways,"7 days, one-way from Budapest to Giurgiu",2028-07-17,3,2028-07-19,"Vukovar, Croatia",4689,croatia-vukovar,,,False,False,False,False,https://www.cruisemapper.com/ships/AmaBella-986
AmaBella,986,AmaWaterways,"7 days, one-way from Budapest to Giurgiu",2028-07-17,4,2028-07-20,"Belgrade, Serbia",2107,belgrade-serbia,,,False,False,False,False,https://www.cruisemapper.com/ships/AmaBella-986
AmaBella,986,AmaWaterways,"7 days, one-way from Budapest to Giurgiu",2028-07-17,5,2028-07-21,"Iron Gate, Serbia-Romania",4354,gate-iron-romania-serbia,,,False,False,False,False,https://www.cruisemapper.com/ships/AmaBella-986
AmaBella,986,AmaWaterways,"7 days, one-way from Budapest to Giurgiu",2028-07-17,6,2028-07-22,"Vidin, Bulgaria",133,bulgaria-vidin,,,False,False,False,False,https://www.cruisemapper.com/ships/AmaBella-986
AmaBella,986,AmaWaterways,"7 days, one-way from Budapest to Giurgiu",2028-07-17,7,2028-07-23,"Ruse, Rousse-Russe, Bulgaria",2110,bulgaria-rousse-ruse-russe,,,False,False,False,False,https://www.cruisemapper.com/ships/AmaBella-986
AmaBella,986,AmaWaterways,"7 days, one-way from Budapest to Giurgiu",2028-07-17,8,2028-07-24,"Giurgiu, Romania",4352,giurgiu-romania,,,False,False,True,False,https://www.cruisemapper.com/ships/AmaBella-986
